<?xml version="1.0" encoding="UTF-8" ?>
<!DOCTYPE configuration PUBLIC "-//mybatis.org//DTD Config 3.0//EN"
        "http://mybatis.org/dtd/mybatis-3-config.dtd">

<configuration>

    <!--加载外部的properties文件-->
    <properties resource="jdbc.properties"></properties>

    <!--开启二级缓存  -->
    <settings>
        <setting name="cacheEnabled" value="true"/>
    </settings>

    <!--给实体类的全限定类名给别名-->
    <typeAliases>
        <!--批量起别名：该包下所有的类的本身的类名：别名还不区分大小写-->
        <package name="com.lagou.pojo"/>
    </typeAliases>

    <plugins>
        <plugin interceptor="com.github.pagehelper.PageHelper">
            <property name="dialect" value="mysql"/>
        </plugin>
        
        <plugin interceptor="tk.mybatis.mapper.mapperhelper.MapperInterceptor">
            <!--指定当前通用mapper接口使用的是哪一个-->
          <property name="mappers" value="tk.mybatis.mapper.common.Mapper"/>
        </plugin>
    </plugins>

    <!--environments:运行环境-->
    <environments default="development">
        <environment id="development">
            <!--当前事务交由JDBC进行管理-->
            <transactionManager type="JDBC"></transactionManager>
            <!--当前使用mybatis提供的连接池-->
            <dataSource type="POOLED">
                <property name="driver" value="${jdbc.driver}"/>
                <property name="url" value="${jdbc.url}"/>
                <property name="username" value="${jdbc.username}"/>
                <property name="password" value="${jdbc.password}"/>
            </dataSource>
        </environment>
    </environments>

    <!--引入映射配置文件-->
    <mappers>
        <package name="com.lagou.mapper"/>
    </mappers>

</configuration>